<annotation>
	<folder>red</folder>
	<filename>5.jpg</filename>
	<path>/home/xmy/PycharmProjects/test/paddle/proj6_lightContrl/src/red/5.jpg</path>
	<source>
		<database>Unknown</database>
	</source>
	<size>
		<width>640</width>
		<height>480</height>
		<depth>3</depth>
	</size>
	<segmented>0</segmented>
	<object>
		<name>red</name>
		<pose>Unspecified</pose>
		<truncated>0</truncated>
		<difficult>0</difficult>
		<bndbox>
			<xmin>388</xmin>
			<ymin>183</ymin>
			<xmax>486</xmax>
			<ymax>267</ymax>
		</bndbox>
	</object>
</annotation>
