<annotation>
	<folder>green</folder>
	<filename>16.jpg</filename>
	<path>/home/xmy/PycharmProjects/test/paddle/proj6_lightContrl/src/green/16.jpg</path>
	<source>
		<database>Unknown</database>
	</source>
	<size>
		<width>640</width>
		<height>480</height>
		<depth>3</depth>
	</size>
	<segmented>0</segmented>
	<object>
		<name>green</name>
		<pose>Unspecified</pose>
		<truncated>0</truncated>
		<difficult>0</difficult>
		<bndbox>
			<xmin>155</xmin>
			<ymin>248</ymin>
			<xmax>235</xmax>
			<ymax>316</ymax>
		</bndbox>
	</object>
</annotation>
