<annotation>
	<folder>green</folder>
	<filename>120.jpg</filename>
	<path>/home/xmy/PycharmProjects/test/paddle/proj6_lightContrl/src/green/120.jpg</path>
	<source>
		<database>Unknown</database>
	</source>
	<size>
		<width>640</width>
		<height>480</height>
		<depth>3</depth>
	</size>
	<segmented>0</segmented>
	<object>
		<name>green</name>
		<pose>Unspecified</pose>
		<truncated>0</truncated>
		<difficult>0</difficult>
		<bndbox>
			<xmin>348</xmin>
			<ymin>2</ymin>
			<xmax>403</xmax>
			<ymax>67</ymax>
		</bndbox>
	</object>
</annotation>
