<annotation>
	<folder>green</folder>
	<filename>166.jpg</filename>
	<path>/home/xmy/PycharmProjects/test/paddle/proj6_lightContrl/src/green/166.jpg</path>
	<source>
		<database>Unknown</database>
	</source>
	<size>
		<width>640</width>
		<height>480</height>
		<depth>3</depth>
	</size>
	<segmented>0</segmented>
	<object>
		<name>green</name>
		<pose>Unspecified</pose>
		<truncated>0</truncated>
		<difficult>0</difficult>
		<bndbox>
			<xmin>338</xmin>
			<ymin>6</ymin>
			<xmax>390</xmax>
			<ymax>72</ymax>
		</bndbox>
	</object>
</annotation>
