<annotation>
	<folder>green</folder>
	<filename>18.jpg</filename>
	<path>/home/xmy/PycharmProjects/test/paddle/proj6_lightContrl/src/green/18.jpg</path>
	<source>
		<database>Unknown</database>
	</source>
	<size>
		<width>640</width>
		<height>480</height>
		<depth>3</depth>
	</size>
	<segmented>0</segmented>
	<object>
		<name>green</name>
		<pose>Unspecified</pose>
		<truncated>0</truncated>
		<difficult>0</difficult>
		<bndbox>
			<xmin>184</xmin>
			<ymin>2</ymin>
			<xmax>244</xmax>
			<ymax>65</ymax>
		</bndbox>
	</object>
</annotation>
